{
    "info": {
        "id": 14483424,
        "type": "RT",
        "material": "AL"
    },
    "image_data": {
        "file_name": "RT_AL_00_14483424",
        "format": "jpg",
        "information": "정상",
        "width": 3378,
        "height": 951
    },
    "meta": {
        "is_crowd": 0,
        "annotation_case": [
            "normal"
        ],
        "total_case": [
            "normal"
        ]
    },
    "annotations": [
        {
            "tool": "polygon",
            "coordinate": {
                "x": [
                    19,
                    321,
                    831,
                    1178,
                    1688,
                    2319,
                    2819,
                    3190,
                    3367,
                    3367,
                    2826,
                    2239,
                    1677,
                    1108,
                    609,
                    116,
                    15,
                    25,
                    25,
                    20
                ],
                "y": [
                    415,
                    439,
                    470,
                    498,
                    512,
                    526,
                    543,
                    536,
                    529,
                    331,
                    321,
                    328,
                    318,
                    300,
                    279,
                    255,
                    255,
                    280,
                    300,
                    311
                ]
            },
            "class": "normal",
            "case": ""
        }
    ]
}