{
    "info": {
        "id": 14483421,
        "type": "RT",
        "material": "AL"
    },
    "image_data": {
        "file_name": "RT_AL_00_14483421",
        "format": "jpg",
        "information": "정상",
        "width": 3457,
        "height": 943
    },
    "meta": {
        "is_crowd": 0,
        "annotation_case": [
            "normal"
        ],
        "total_case": [
            "normal"
        ]
    },
    "annotations": [
        {
            "tool": "polygon",
            "coordinate": {
                "x": [
                    38,
                    3426,
                    3426,
                    729,
                    35
                ],
                "y": [
                    249,
                    378,
                    460,
                    389,
                    339
                ]
            },
            "class": "normal",
            "case": ""
        }
    ]
}