{
    "info": {
        "id": 14483426,
        "type": "RT",
        "material": "AL"
    },
    "image_data": {
        "file_name": "RT_AL_00_14483426",
        "format": "jpg",
        "information": "정상",
        "width": 4000,
        "height": 1272
    },
    "meta": {
        "is_crowd": 0,
        "annotation_case": [
            "normal"
        ],
        "total_case": [
            "normal"
        ]
    },
    "annotations": [
        {
            "tool": "polygon",
            "coordinate": {
                "x": [
                    0,
                    178,
                    631,
                    1305,
                    1710,
                    2183,
                    2718,
                    3229,
                    4000,
                    4000,
                    3338,
                    2980,
                    2756,
                    2446,
                    2257,
                    1799,
                    1283,
                    865,
                    488,
                    0
                ],
                "y": [
                    609,
                    616,
                    635,
                    657,
                    662,
                    647,
                    662,
                    678,
                    717,
                    375,
                    401,
                    385,
                    399,
                    401,
                    385,
                    366,
                    344,
                    330,
                    323,
                    323
                ]
            },
            "class": "normal",
            "case": ""
        }
    ]
}