{
    "info": {
        "id": 14483420,
        "type": "RT",
        "material": "AL"
    },
    "image_data": {
        "file_name": "RT_AL_00_14483420",
        "format": "jpg",
        "information": "정상",
        "width": 3390,
        "height": 951
    },
    "meta": {
        "is_crowd": 0,
        "annotation_case": [
            "normal"
        ],
        "total_case": [
            "normal"
        ]
    },
    "annotations": [
        {
            "tool": "polygon",
            "coordinate": {
                "x": [
                    5,
                    680,
                    1798,
                    3379,
                    3374,
                    1970,
                    5
                ],
                "y": [
                    348,
                    352,
                    371,
                    371,
                    266,
                    248,
                    266
                ]
            },
            "class": "normal",
            "case": ""
        }
    ]
}