{
    "info": {
        "id": 14483419,
        "type": "RT",
        "material": "AL"
    },
    "image_data": {
        "file_name": "RT_AL_00_14483419",
        "format": "jpg",
        "information": "정상",
        "width": 3051,
        "height": 848
    },
    "meta": {
        "is_crowd": 0,
        "annotation_case": [
            "normal"
        ],
        "total_case": [
            "normal"
        ]
    },
    "annotations": [
        {
            "tool": "polygon",
            "coordinate": {
                "x": [
                    10,
                    4,
                    1191,
                    2701,
                    3040,
                    3022,
                    2335
                ],
                "y": [
                    275,
                    461,
                    448,
                    437,
                    434,
                    271,
                    260
                ]
            },
            "class": "normal",
            "case": ""
        }
    ]
}