{
    "info": {
        "id": 14483418,
        "type": "RT",
        "material": "AL"
    },
    "image_data": {
        "file_name": "RT_AL_00_14483418",
        "format": "jpg",
        "information": "정상",
        "width": 4000,
        "height": 911
    },
    "meta": {
        "is_crowd": 0,
        "annotation_case": [
            "normal"
        ],
        "total_case": [
            "normal"
        ]
    },
    "annotations": [
        {
            "tool": "polygon",
            "coordinate": {
                "x": [
                    0,
                    344,
                    656,
                    1073,
                    1451,
                    1888,
                    2420,
                    2738,
                    3343,
                    3927,
                    4000,
                    4000,
                    3508,
                    3294,
                    3085,
                    2779,
                    2536,
                    2258,
                    1888,
                    1686,
                    1405,
                    1113,
                    763,
                    485,
                    147,
                    0
                ],
                "y": [
                    600,
                    585,
                    574,
                    559,
                    585,
                    579,
                    559,
                    562,
                    574,
                    565,
                    565,
                    302,
                    310,
                    308,
                    302,
                    253,
                    241,
                    241,
                    241,
                    264,
                    284,
                    293,
                    313,
                    308,
                    308,
                    308
                ]
            },
            "class": "normal",
            "case": ""
        }
    ]
}