{
    "info": {
        "id": 14483417,
        "type": "RT",
        "material": "AL"
    },
    "image_data": {
        "file_name": "RT_AL_00_14483417",
        "format": "jpg",
        "information": "정상",
        "width": 3374,
        "height": 950
    },
    "meta": {
        "is_crowd": 0,
        "annotation_case": [
            "normal"
        ],
        "total_case": [
            "normal"
        ]
    },
    "annotations": [
        {
            "tool": "polygon",
            "coordinate": {
                "x": [
                    8,
                    409,
                    894,
                    1374,
                    1832,
                    2417,
                    3369,
                    3369,
                    2768,
                    2030,
                    1410,
                    744,
                    10,
                    22,
                    26,
                    10
                ],
                "y": [
                    269,
                    267,
                    271,
                    291,
                    307,
                    315,
                    340,
                    505,
                    487,
                    464,
                    454,
                    430,
                    391,
                    373,
                    348,
                    321
                ]
            },
            "class": "normal",
            "case": ""
        }
    ]
}