{
    "info": {
        "id": 14483423,
        "type": "RT",
        "material": "AL"
    },
    "image_data": {
        "file_name": "RT_AL_00_14483423",
        "format": "jpg",
        "information": "정상",
        "width": 3373,
        "height": 943
    },
    "meta": {
        "is_crowd": 0,
        "annotation_case": [
            "normal"
        ],
        "total_case": [
            "normal"
        ]
    },
    "annotations": [
        {
            "tool": "polygon",
            "coordinate": {
                "x": [
                    18,
                    341,
                    757,
                    1165,
                    1850,
                    2337,
                    2818,
                    3107,
                    3276,
                    3361,
                    3356,
                    2965,
                    2413,
                    1829,
                    1364,
                    968,
                    503,
                    309,
                    130,
                    25
                ],
                "y": [
                    469,
                    498,
                    485,
                    501,
                    521,
                    521,
                    510,
                    510,
                    494,
                    498,
                    315,
                    340,
                    340,
                    334,
                    324,
                    324,
                    322,
                    308,
                    306,
                    286
                ]
            },
            "class": "normal",
            "case": ""
        }
    ]
}