{
    "info": {
        "id": 14483422,
        "type": "RT",
        "material": "AL"
    },
    "image_data": {
        "file_name": "RT_AL_00_14483422",
        "format": "jpg",
        "information": "정상",
        "width": 3331,
        "height": 937
    },
    "meta": {
        "is_crowd": 0,
        "annotation_case": [
            "normal"
        ],
        "total_case": [
            "normal"
        ]
    },
    "annotations": [
        {
            "tool": "polygon",
            "coordinate": {
                "x": [
                    9,
                    459,
                    983,
                    1781,
                    2313,
                    2779,
                    3179,
                    3315,
                    3290,
                    2964,
                    2252,
                    1469,
                    983,
                    554,
                    144,
                    2
                ],
                "y": [
                    423,
                    445,
                    457,
                    482,
                    454,
                    430,
                    384,
                    353,
                    233,
                    292,
                    344,
                    355,
                    335,
                    314,
                    296,
                    285
                ]
            },
            "class": "normal",
            "case": ""
        }
    ]
}