{
    "info": {
        "id": 14483425,
        "type": "RT",
        "material": "AL"
    },
    "image_data": {
        "file_name": "RT_AL_00_14483425",
        "format": "jpg",
        "information": "정상",
        "width": 3396,
        "height": 942
    },
    "meta": {
        "is_crowd": 0,
        "annotation_case": [
            "normal"
        ],
        "total_case": [
            "normal"
        ]
    },
    "annotations": [
        {
            "tool": "polygon",
            "coordinate": {
                "x": [
                    41,
                    558,
                    926,
                    1201,
                    1688,
                    2251,
                    2720,
                    3223,
                    3389,
                    3376,
                    2642,
                    1472,
                    749,
                    239,
                    41
                ],
                "y": [
                    206,
                    186,
                    207,
                    209,
                    186,
                    185,
                    167,
                    147,
                    143,
                    352,
                    386,
                    422,
                    380,
                    384,
                    388
                ]
            },
            "class": "normal",
            "case": ""
        }
    ]
}